﻿Designator,Footprint,Quantity,Value,LCSC Part #
"C1, C6",0805,2,10u,
"C2, C3, C4",0805,3,0.1u,
C5,0805,1,1u,
D1,0805,1,PWR,
"D2, D5",D_SOD-323,2,SD12_SOD323,
D3,0805,1,CTRLS,
D4,0805,1,EXT,
F1,1206,1,375mA,
J1,Molex_Micro-Fit_3.0_43045-0612_2x03_P3.00mm_Vertical,1,MC CAN 1,
J2,Molex_Micro-Fit_3.0_43650-0215_1x02_P3.00mm_Vertical,1,MC CAN 2,
J3,Molex_Micro-Fit_3.0_43045-0612_2x03_P3.00mm_Vertical,1,CTRLS,
J4,Molex_Micro-Fit_3.0_43650-0215_1x02_P3.00mm_Vertical,1,EXT PWR,
J5,AMPHENOL_L77SDE09SA4CH3R,1,CANDAPTER,
LOGO1,UTSVT_Logo_Symbol,1,UTSVT Logo,
"Q1, Q2",SOT-23,2,PMV35EPER,
Q3,TRANS_RUM001_ROM,1,RUM001L02T2CL,
Q4,TRANS_RE1C001_ROM,1,RE1C001ZPTL,
R1,0805,1,120,
"R10, R2, R9",0805,3,22.1k,
"R11, R3, R4",0805,3,100k,
"R12, R6, R7",0805,3,5k,
R13,0805,1,51k,
R15,0805,1,15k,
"R5, R8",0805,2,62k,
TP1,TestPoint_Pad_1.0x1.0mm,1,EXT,
TP2,TestPoint_Pad_1.0x1.0mm,1,CTRLS,
"TP3, TP6",TestPoint_Pad_1.0x1.0mm,2,GND,
TP4,TestPoint_Pad_1.0x1.0mm,1,12V_OUT,
TP5,TestPoint_Pad_1.0x1.0mm,1,STATUS,
U1,RUX0012A,1,TPS2121RUXR,
"Z1, Z2",BZT52B12QX,2,BZT52-B12-QX,
